symbol,2025,2024,2023,2022,2021,2020,2019,2018,2017,2016,2015,2014,2013,2012,2011,2010,2009,2008,2007,2006,2005,2004,2003,2002,2001,2000,1999,1998,1997,1996,1995,1994,1993,1992,1991,1990,1989,1988,1987,1986,1985,1984,1983,1982,1981,1980,1979,1978,1977,1976,1975,1974,1973,1972,1971,1970,1969,1968,1967,1966
,,,,,,,,,,,,,,,,,,,,,,,,,,,,,,,,,,,,,,,,,,,,,,,,,,,,,,,,,,,,
HBS,,1.25,0.35,0.3,,,,,,,,,,,,,,,,,,,,,,,,,,,,,,,,,,,,,,,,,,,,,,,,,,,,,,,,
,,,,,,,,,,,,,,,,,,,,,,,,,,,,,,,,,,,,,,,,,,,,,,,,,,,,,,,,,,,,
ABL,,1.2,0.12,0.1,0.1,0.08,0.08,0.07,0,0,0,0,,,,,,,,,,,,,,,,,,,,,,,,,,,,,,,,,,,,,,,,,,,,,,,,
COMB,,9.5,6.5,4.5,7.5,6.5,6.5,6.5,6.5,6.5,6.5,6.5,6.5,6.5,6,7,7,7,7,5,4.5,6,5,5,4.5,4,4,,,,,,,,,,,,,,,,,,,,,,,,,,,,,,,,,
DFCC,,6,5,2,3,3,3,3.5,5,4.5,8.5,5.5,5,4,10,6,5,5,5,6,5.5,5.5,5.5,5,4.5,4,4,,,,,,,,,,,,,,,,,,,,,,,,,,,,,,,,,
DVBD,,0,0,0,0,0,0,0,0,0,0,0.9,0.5,0.5,0.4,0.3,0.3,0.1,0.1,,,,,,,,,,,,,,,,,,,,,,,,,,,,,,,,,,,,,,,,,
HNB,,15,8,5,9,8,8,8.5,8.5,8.5,8.5,8.5,8.5,8.5,7.5,7,6.5,4,3.5,5,4,3.5,4,3,1.5,4,4,,,,,,,,,,,,,,,,,,,,,,,,,,,,,,,,,
HDFC,,,0,0,0,0.25,0,0,0,0,0.75,0.6,0.25,0,0,5,5,0,5,10,4.75,,,,,,,,,,,,,,,,,,,,,,,,,,,,,,,,,,,,,,,
NDB,,8,5,2.5,5.5,1.5,7,8,9,8,11,11,10,15,7.5,8.5,8,6.75,6,5,4,6,5.75,5.75,5.5,8.5,4.5,4.5,6.5,6.5,5.5,,,,,,,,,,,,,,,,,,,,,,,,,,,,,
NTB,,6.5,5,4,3.5,2,2.3,2.1,2.1,2.1,2.1,2.1,2.1,2.1,2.1,2,1.5,1.5,1,,,,,,,,,,,,,,,,,,,,,,,,,,,,,,,,,,,,,,,,,
PABC,,1,0.25,0,0,0,0,0,0,0,0.5,0,0,1,1,0,0,0,0.75,,,,,,,,,,,,,,,,,,,,,,,,,,,,,,,,,,,,,,,,,
SAMP,,9.35,5.85,4.6,4.25,8.25,11.75,16.25,17.2,18.75,12,12,8,12,9,8.09,6.25,4,3,2.5,2,2,2,2,1.75,1.75,4,,,,,,,,,,,,,,,,,,,,,,,,,,,,,,,,,
SDB,,0,0,0,1.5,2.25,7,0,6,7.5,8.5,10,7,10,,,,,,,,,,,,,,,,,,,,,,,,,,,,,,,,,,,,,,,,,,,,,,
SEYB,,3.5,2.5,2,3,1.5,2,2.5,3.5,3.25,2.75,2.5,2.25,2,1,1,0.5,0,1.5,1.5,2,1.6,1.5,1.5,1.25,1.2,1,,,,,,,,,,,,,,,,,,,,,,,,,,,,,,,,,
UBC,,0,0,0,0,0.13,0.14,0,0.1,0.1,0.04,0,0.25,0.5,,,,,,,,,,,,,,,,,,,,,,,,,,,,,,,,,,,,,,,,,,,,,,
,,,,,,,,,,,,,,,,,,,,,,,,,,,,,,,,,,,,,,,,,,,,,,,,,,,,,,,,,,,,
AFSL,,0,0,0,0,0,0,0,0.2,0,0,0,0,0,0,,,,,,,,,,,,,,,,,,,,,,,,,,,,,,,,,,,,,,,,,,,,,
ALLI,8,8.4,5,14.5,5.5,0,1,6.4,5.9,53,23,20,40,45,27.5,3.5,3.5,4,3.5,5,3,2.5,1.25,1.75,1.5,2,,,,,,,,,,,,,,,,,,,,,,,,,,,,,,,,,,
ATL,,0,0,0,0,0,0,0,0,0,0,0,0,0,0,0,0,0,0,,,,,,,,,,,,,,,,,,,,,,,,,,,,,,,,,,,,,,,,,
AMCL,,0,0,0,0,0,0,0,1.65,2.31,1.05,0.85,0.55,0.6,0.65,1.5,0.59,0.2,0,,,,,,,,,,,,,,,,,,,,,,,,,,,,,,,,,,,,,,,,,
ARPI,,0,0,0,0,0,6.25,5.28,0,4.5,3.75,2.5,2,2,2,1.5,1.5,3,2.5,3,2,1.5,0,1.5,1,0.5,1.25,,,,,,,,,,,,,,,,,,,,,,,,,,,,,,,,,
AAF,,0.7,0.7,0.7,0,0,0,0,0.07,0,0,0,0,,,,,,,,,,,,,,,,,,,,,,,,,,,,,,,,,,,,,,,,,,,,,,,
ACAP,,0,0,0,0,0,0,0,0,0,0,0,0,6.95,,,,,,,,,,,,,,,,,,,,,,,,,,,,,,,,,,,,,,,,,,,,,,
AMF,,0,0,0,0,0,0,0,12.5,15,12,10,10,4,3,,,,,,,,,,,,,,,,,,,,,,,,,,,,,,,,,,,,,,,,,,,,,
BLI,,0,0,0,0,0,0,0,1,1.5,0,0,0,0,0,0,0,0,0,,,,,,,,,,,,,,,,,,,,,,,,,,,,,,,,,,,,,,,,,
CALT,,25.5,3.04,0,,,,,,,,,,,,,,,,,,,,,,,,,,,,,,,,,,,,,,,,,,,,,,,,,,,,,,,,
NIFL,,0,0,0,0,0,0,0.04,0,0,0,0,0,0.07,0.07,,,,,,,,,,,,,,,,,,,,,,,,,,,,,,,,,,,,,,,,,,,,,
CALF,,0,0,0,0,0,0,0,0,0,0,0,0,0,0,,,,,,,,,,,,,,,,,,,,,,,,,,,,,,,,,,,,,,,,,,,,,
CDIC,,0,0,0,0,0,0,0,0,0,0,0,8.5,16.4,1.25,4.1,2.25,3.13,2.85,1.2,10.7,0.7,2.25,0,1.8,2.5,1.2,4,,,,,,,,,,,,,,,,,,,,,,,,,,,,,,,,
CFIN,6.5,4.5,4.25,3.5,3.5,2.4,3.6,4,2.35,4,3.5,3.2,2.9,2.5,10.5,6,5,4.5,4.5,3.5,2.85,4,3,1.75,1.5,3.5,3.6,3.2,4.5,4,3.5,,,,,,,,,,,,,,,,,,,,,,,,,,,,,
CIFL,,0,0,0,0,0,0,0,0,0,0,0,0,0,,,,,,,,,,,,,,,,,,,,,,,,,,,,,,,,,,,,,,,,,,,,,,
CFL,,0,0,0,0,0,0,0,0,0,0,0,0.5,0.75,0.5,,,,,,,,,,,,,,,,,,,,,,,,,,,,,,,,,,,,,,,,,,,,,
CDB,15,7,5,3.75,7.5,0,5,5,3.5,3,3.5,3,2.75,2.5,2,0.5,0,,,,,,,,,,,,,,,,,,,,,,,,,,,,,,,,,,,,,,,,,,,
COCR,,4,1,3,1.5,0,1,0.75,1.5,1,1.5,0.5,0,1,,,,,,,,,,,,,,,,,,,,,,,,,,,,,,,,,,,,,,,,,,,,,,
ESL,,0,0,0,0,0,0,0,0,0,0,1.61,,,,,,,,,,,,,,,,,,,,,,,,,,,,,,,,,,,,,,,,,,,,,,,,
CFVF,7.5,"17,25",2.25,0,5,9,0,2,2,0,4,2,2,2,0,15,0,0,,,,,,,,,,,,,,,,,,,,,,,,,,,,,,,,,,,,,,,,,,
FCT,2.6,14.5,1.5,,,,,,,,,,,,,,,,,,,,,,,,,,,,,,,,,,,,,,,,,,,,,,,,,,,,,,,,,
LCBF,,0,0,0.06,,,,,,,,,,,,,,,,,,,,,,,,,,,,,,,,,,,,,,,,,,,,,,,,,,,,,,,,
LOFC,,0,0,0,0,0,0,0,0,0,0,0,0,,,,,,,,,,,,,,,,,,,,,,,,,,,,,,,,,,,,,,,,,,,,,,,
LOLC,,0,0,0,0,0,0,0,0,0,0,0,0,0.5,0,0,2.8,2.25,1.5,3,2.3,1.95,3.25,3.25,3,2.25,,,,,,,,,,,,,,,,,,,,,,,,,,,,,,,,,,
LVEN,,0,0,0,1.5,1.5,2.75,2.75,2.5,2,1.75,1.5,1,1.5,1.5,1.5,0,1.5,1.5,1.5,1.5,2.75,1,1,0.75,0.5,0,,,,,,,,,,,,,,,,,,,,,,,,,,,,,,,,,
LFIN,6.5,5.75,5,5,4,12,12,11,9,7.5,10,6.5,6.5,5,3.5,5,3,2.25,0,1,0,0,0,0,0,0,,,,,,,,,,,,,,,,,,,,,,,,,,,,,,,,,,
MERC,25,20,0,115,0,0,20,15,0,7,19.5,20,27.5,22,10,4.6,3.25,4.8,20,10,14,5,6.25,12.5,,,,,,,,,,,,,,,,,,,,,,,,,,,,,,,,,,,,
MBSL,,0,0,0,0,0,0,0,0,0,0,0,0.5,0.5,1.25,1.25,0.75,1,1,1,0.75,0.5,,,,,,,,,,,,,,,,,,,,,,,,,,,,,,,,,,,,,,
MFL,,0,0,0,0,0,0,0,0,0,0,0,0,0,0.1,,,,,,,,,,,,,,,,,,,,,,,,,,,,,,,,,,,,,,,,,,,,,
ORIN,,0,0,0,0,0,0,0,0,0,0,0.1,0.2,0.15,,,,,,,,,,,,,,,,,,,,,,,,,,,,,,,,,,,,,,,,,,,,,,
BFN,,0,0,0,0,0,0,0,0.25,,,,,,,,,,,,,,,,,,,,,,,,,,,,,,,,,,,,,,,,,,,,,,,,,,,
CSF,,0,0,0,0,0,0,0,0,0,0,0,0,0,0,0,0,0,1,0.85,0.75,0.6,0,0,0.5,0,,,,,,,,,,,,,,,,,,,,,,,,,,,,,,,,,,
SMLL,,0,0,0,0,0,0,0,0,0,0,0,4.75,1.25,0.5,0,0,0,1,0.5,0,1,,,,,,,,,,,,,,,,,,,,,,,,,,,,,,,,,,,,,,
PLC,1.4,1.4,0,1,1.35,0.7,1.25,1.25,1.25,1.25,1.25,1.25,1.25,1,1.5,1.5,1.5,1.5,1.5,1.5,1.5,1.36,,,,,,,,,,,,,,,,,,,,,,,,,,,,,,,,,,,,,,
PMB,,0,0,0,0,0,0,0,0,0,0,0,0,0,0,0,0.4,0.4,1.25,2,2,1.5,0.6,0.4,0.32,0.4,0.8,,,,,,,,,,,,,,,,,,,,,,,,,,,,,,,,,
SDF,,0.65,0.75,1,,,,,,,,,,,,,,,,,,,,,,,,,,,,,,,,,,,,,,,,,,,,,,,,,,,,,,,,
SFCL,,1.8,0.65,1.4,1.16,0,2.15,3.4,3.05,2.6,2.15,2.59,3.24,2.38,0.81,0.68,1.51,3.27,3.86,1.23,3.7,2,2.5,2.5,1.25,2,,,,,,,,,,,,,,,,,,,,,,,,,,,,,,,,,,
SFIN,,0,0.8,0.8,0.8,0,1.1,0.97,1.06,1.5,1.25,0.65,0.65,0.8,0.4,0.25,0.25,0.38,0.19,,,,,,,,,,,,,,,,,,,,,,,,,,,,,,,,,,,,,,,,,
SFL,,0,0,0,0,0,0,0,0,0,0,0,0,2,0.75,0.4,0.5,0,2.62,2.03,2.5,2,1.5,0.5,1,,,,,,,,,,,,,,,,,,,,,,,,,,,,,,,,,,,
SEMB,,0,0,0,0,0,0,0,0.02,0,0.02,0,0,0,0,0,0,0,0,0.2,0.25,,,,,,,,,,,,,,,,,,,,,,,,,,,,,,,,,,,,,,,
CRL,,0,0,0,0,0,0,0,1.65,1.25,1.5,1.75,1.5,1.5,1,1,0,,,,,,,,,,,,,,,,,,,,,,,,,,,,,,,,,,,,,,,,,,,
SCAP,,0,0,0,0,0,0,0.4,0.5,0,0,0,0,,,,,,,,,,,,,,,,,,,,,,,,,,,,,,,,,,,,,,,,,,,,,,,
SFS,,0,0,0,0,0,0,0,0,0,0,0,0,0,,,,,,,,,,,,,,,,,,,,,,,,,,,,,,,,,,,,,,,,,,,,,,
TFC,,0,0,0,0,0,0,0,0,0,0,0,0,0,0,0,0,1.8,1.8,1.8,1.7,,,,,,,,,,,,,,,,,,,,,,,,,,,,,,,,,,,,,,,
TFIL,,0,0,0,0,0,0,3,2,4,0,1,0.91,1.3,,,,,,,,,,,,,,,,,,,,,,,,,,,,,,,,,,,,,,,,,,,,,,
VFIN,,2,1,2,6,0,4,3.5,3,2.5,2,1,1.5,1,0.5,1,0.5,,,,,,,,,,,,,,,,,,,,,,,,,,,,,,,,,,,,,,,,,,,
,,,,,,,,,,,,,,,,,,,,,,,,,,,,,,,,,,,,,,,,,,,,,,,,,,,,,,,,,,,,
AINS,,0,0,0,0,0,0,0,0.4,,,,,,,,,,,,,,,,,,,,,,,,,,,,,,,,,,,,,,,,,,,,,,,,,,,
AAIC,,4.5,3.75,3.5,2.8,2.5,0,1.45,0,2.6933,5,5,4.8,0,2,3,1.3,1.25,0.5,0,,,,,,,,,,,,,,,,,,,,,,,,,,,,,,,,,,,,,,,,
CTCE,,0,0,0,0,0,0,25,91,50,49.5,7.07,2,2.5,9,9,12.5,3,9.5,8.25,4.17,5.34,7.83,4,3,2,5,,,,,,,,,,,,,,,,,,,,,,,,,,,,,,,,,
CINS,,51,48,45,42,40,38,35,31.5,27.5,22.5,20,16,12.5,6.5,5.5,5,3,3,2.5,2.7,2,2,2,2,2,2,,,,,,,,,,,,,,,,,,,,,,,,,,,,,,,,,
COOP,0.1,0,0,0,0.135,,,,,,,,,,,,,,,,,,,,,,,,,,,,,,,,,,,,,,,,,,,,,,,,,,,,,,,
HASU,,3.9,3.9,3.65,3.2,2.8,8,7,6,5,2,3.75,3.25,2.75,2.1,1.8,1.5,1.25,1,1,0.5,,,,,,,,,,,,,,,,,,,,,,,,,,,,,,,,,,,,,,,
JINS,,,13.24,2.65,2.3,2,0,0,0,1,0.75,1,2,1,1,1,2,0.5,,,,,,,,,,,,,,,,,,,,,,,,,,,,,,,,,,,,,,,,,,
PINS,,0,0,1,1.5,3,1.85,1.85,2,1.75,0.6,0,0,0,0,0,0,,,,,,,,,,,,,,,,,,,,,,,,,,,,,,,,,,,,,,,,,,,
UAL,,5,8.75,0,22,14,20,20,18,10.5,8.5,6.5,6,5,5,6.25,5,3.25,2.75,2,5,0,2,1.5,2.8,2.4,2,,,,,,,,,,,,,,,,,,,,,,,,,,,,,,,,,
,,,,,,,,,,,,,,,,,,,,,,,,,,,,,,,,,,,,,,,,,,,,,,,,,,,,,,,,,,,,
BFL,2.5,5.8,4,9,3,0,8,6,7.5,6,2.5,1.25,1.5,4,4,1.5,0,0,0,0,0,1,,,,,,,,,,,,,,,,,,,,,,,,,,,,,,,,,,,,,,
CARG,16.5,15,12,7,6,5.1,6,6,5.6,3.5,2,2,2,2,1.5,1.1,0.5,15.5,12,10.6,6,3,0,6,5,,,,,,,,,,,,,,,,,,,,,,,,,,,,,,,,,,,
BREW,50.35,81.24,52.75,31.23,13.7,10,7,7,1,3,8,7,7,6,4,3,3,3,4,3,4,1,4,0,,,,,,,,,,,,,,,,,,,,,,,,,,,,,,,,,,,,
CCS,5.395,2.316,1.3,1.13,21,12,15,15,32,18,11,4,4,4,4,4,1,3.2,2.4,0.8,0,2.4,1.6,2.72,5.66,5.02,,,,,,,,,,,,,,,,,,,,,,,,,,,,,,,,,,
CTEA,,18,50,55,18,25,35,45,15,30,22.5,22.5,40,30,35,30,25,22.5,15,15,15,10,,,,,,,,,,,,,,,,,,,,,,,,,,,,,,,,,,,,,,
CTC,32,168.24,147.64,109.3,53,82.85,92.13,90.77,67.8,66.8,45.15,39.5,48.75,43.15,34.6,27.17,21.9,14.68,9.6,7.4,6.4,5.6,,,,,,,,,,,,,,,,,,,,,,,,,,,,,,,,,,,,,,
COCO,,0,0.41,0.41,0,0.35,0,0,0.35,0.35,0.35,0.3,0.3,1,1,1,0,0,0,0,0,,,,,,,,,,,,,,,,,,,,,,,,,,,,,,,,,,,,,,,
SOY,,4.7,4.7,3.5,10,5.5,4.5,5,4,4,5.5,3,1.5,1,2.5,2.25,2.25,1.3,1.3,,,,,,,,,,,,,,,,,,,,,,,,,,,,,,,,,,,,,,,,,
DIST,2,2.83,3.95,1.56,1.12,1.2,0.8,0.67,1.75,3.35,3.25,3.25,3,3,3,2.5,2.25,1.75,,,,,,,,,,,,,,,,,,,,,,,,,,,,,,,,,,,,,,,,,,
HARI,40,80,40,55,50,50,50,45,42,85,80,65,45,40,30,28,25,22,15,20,10,6,5.5,5.5,5.5,4,,,,,,,,,,,,,,,,,,,,,,,,,,,,,,,,,,
HVA,,0,0,0,0,0,0,0,0,0,0,0,0.2,0,0,0,0,0,0,,,,,,,,,,,,,,,,,,,,,,,,,,,,,,,,,,,,,,,,,
KFP,3.6,0,2,7.5,9.5,4,6,7,11.75,12,10,2,2,2,0,2.5,3.5,2.5,0,2,0,0,0,0,2.5,2,,,,,,,,,,,,,,,,,,,,,,,,,,,,,,,,,,
LAMB,,0,0,0,0,0,0,16,13.1,0.2,0,0,0,0,0,4,0,0,0,,,,,,,,,,,,,,,,,,,,,,,,,,,,,,,,,,,,,,,,,
LMF,0.63,0.63,5,7.5,5,2.5,1.25,2.5,2.5,1.25,1.25,0,1.5,1,0,1.5,0,1.2,1,1,0,0.6,1.5,1,1.25,,,,,,,,,,,,,,,,,,,,,,,,,,,,,,,,,,,
MCPL,,2,1.5,2.5,2.25,1.5,1.5,,,,,,,,,,,,,,,,,,,,,,,,,,,,,,,,,,,,,,,,,,,,,,,,,,,,,
NEST,,0,0,120,55,55,47.5,50,50,80,64.5,68.5,60,54,47.5,34.5,30,30,25,25,22,8.5,8.9,3.25,1.8,8.5,9.2,7.5,5.5,,,,,,,,,,,,,,,,,,,,,,,,,,,,,,,
RWSL,,0.15,0.2,0.15,0.1,0.1,0.05,0.1,0.15,0.1,0,0.1,0,0,0.12,1.77,,,,,,,,,,,,,,,,,,,,,,,,,,,,,,,,,,,,,,,,,,,,
RAL,,0,0.1,0.2,0,0.12,0.12,0,0.12,0.12,0.12,0.1,0.1,0.14,0.1,0.1,0.1,0,,,,,,,,,,,,,,,,,,,,,,,,,,,,,,,,,,,,,,,,,,
TSML,0.21,0,6.67,1,1.5,0,1.7,2,1.7,0.5,0.5,1,1,1,8,9,8,6.5,6,4.5,6.5,2.5,1,2.5,2.5,2,,,,,,,,,,,,,,,,,,,,,,,,,,,,,,,,,,
LION,46,43.5,41.9,20.93,14.4,8,10,4,0,3,4,4,4,4,4,3,0,0,3,3,3,3,0,1.5,,,,,,,,,,,,,,,,,,,,,,,,,,,,,,,,,,,,
TAFL,,55,28,0,10,22,5.5,4.5,3,4,2.1,0.52,0,0,0,0,0,0,0,0,0,,,,,,,,,,,,,,,,,,,,,,,,,,,,,,,,,,,,,,,
,,,,,,,,,,,,,,,,,,,,,,,,,,,,,,,,,,,,,,,,,,,,,,,,,,,,,,,,,,,,
CHMX,7.5,2.5,2.5,2,1,2,2,2,3,2,1,1,1,1.5,2,2.5,10,1.67,1.33,1.17,1.17,3,2.6,2.5,2.5,2.4,,,,,,,,,,,,,,,,,,,,,,,,,,,,,,,,,,
CIC,2.5,2.5,2.5,2,1,2,1,1,2,4,3,0,1.63,3.2,2.75,1.85,1.5,1.5,1.44,4.75,4.75,4.75,4.25,4,4,3.75,3.5,2.5,4,4,4,4,3.5,4,3.25,3,2.5,2.75,2.5,2.5,2,2,2,2,2,2,2,2,2,2,2,2,2,2,1.75,2,2,2,2,2
HAYC,3.8,5,6.25,2.7,24.9,15,8,6,6,6,6,6,7,5.5,5,5,2.75,2.5,1,0,1.5,1.5,3,3,4,3,,,,,,,,,,,,,,,,,,,,,,,,,,,,,,,,,,
ASPH,,0,0,0,0,0,4.5,4.5,0,0,4.5,3,2,3,3,2.5,4,4,4,,,,,,,,,,,,,,,,,,,,,,,,,,,,,,,,,,,,,,,,,
MORI,,0,0,0,0,0,0,15,15,10,4,3,2,3.5,40,16.5,11,10.4,8,6,10,8,,,,,,,,,,,,,,,,,,,,,,,,,,,,,,,,,,,,,,
LCEY,,0,10,0,0,0,0,0,0,0,0,0,1.5,2.5,2.5,2.25,2,1.8,1.5,1.5,1.5,1.5,1,,,,,,,,,,,,,,,,,,,,,,,,,,,,,,,,,,,,,
LITE,1.5,1.5,2,0.75,1,1,0.25,0.77,0.77,0.55,0.25,0.15,,,,,,,,,,,,,,,,,,,,,,,,,,,,,,,,,,,,,,,,,,,,,,,,
MULL,,0,0,0,0,0,0,0.05,0.07,0.07,0.07,0.05,0,0,0,0,0,,,,,,,,,,,,,,,,,,,,,,,,,,,,,,,,,,,,,,,,,,,
PCP,,0,0,0,0,0,0,0,0,0,0,0,0,,,,,,,,,,,,,,,,,,,,,,,,,,,,,,,,,,,,,,,,,,,,,,,
SING,,0,0,0,0,0,0,0,0,0,1,0,0,0,0,0,0,0,0,0,0,0,0,0,,,,,,,,,,,,,,,,,,,,,,,,,,,,,,,,,,,,
UCAR,,63,45,32,25,29,21,13,13,19,17,14,11,11,11,11,10,8.5,7.5,7.5,7.5,7.5,7.5,7.5,5,3.5,6,,,,,,,,,,,,,,,,,,,,,,,,,,,,,,,,,
,,,,,,,,,,,,,,,,,,,,,,,,,,,,,,,,,,,,,,,,,,,,,,,,,,,,,,,,,,,,
EXT,,0,0.6,0.07,,,,,,,,,,,,,,,,,,,,,,,,,,,,,,,,,,,,,,,,,,,,,,,,,,,,,,,,
,,,,,,,,,,,,,,,,,,,,,,,,,,,,,,,,,,,,,,,,,,,,,,,,,,,,,,,,,,,,
AEL,2,1.5,0,1,1,0.25,0.75,1,1.2,1,0.75,0.75,0.5,0.25,,,,,,,,,,,,,,,,,,,,,,,,,,,,,,,,,,,,,,,,,,,,,,
DOCK,,0,0,1,1,0,0,1.5,1.5,0,0,3,4,8,6,8,8,7,3,3,0.8,1.5,1.5,1.5,1.5,1.5,1.5,,,,,,,,,,,,,,,,,,,,,,,,,,,,,,,,,
LDEV,1,0,0,0,0,0,0,0,0,0,0,0,0,0,0,0,0,0,0,1,0.75,0,0,,,,,,,,,,,,,,,,,,,,,,,,,,,,,,,,,,,,,
LUMX,,0.25,0.25,0.4,,,,,,,,,,,,,,,,,,,,,,,,,,,,,,,,,,,,,,,,,,,,,,,,,,,,,,,,
KAPI,,0,0,0,0,0,0,0,0,0,0.5,,,,,,,,,,,,,,,,,,,,,,,,,,,,,,,,,,,,,,,,,,,,,,,,,
,,,,,,,,,,,,,,,,,,,,,,,,,,,,,,,,,,,,,,,,,,,,,,,,,,,,,,,,,,,,
PCHH,,0,0,0,0,0,0,0,0,0.1,0,0,0,0,,,,,,,,,,,,,,,,,,,,,,,,,,,,,,,,,,,,,,,,,,,,,,
AINV,,0,0,0,0,0,0,0,0,0.1,0,0,0,0,,,,,,,,,,,,,,,,,,,,,,,,,,,,,,,,,,,,,,,,,,,,,,
SPEN,,4.25,4,4,1,1.25,2.5,2,1.75,1.5,2,2,1.5,1.4,1.00*,10,9.5,7,6.5,6.5,6,6,4.5,4,4,3.5,,,,,,,,,,,,,,,,,,,,,,,,,,,,,,,,,,
TAP,,0,0,0,0,0,0.36,0,0,0,0,0,0.2,,,,,,,,,,,,,,,,,,,,,,,,,,,,,,,,,,,,,,,,,,,,,,,
BIL,,0,0,0,0,0,0,0,0,0,0,0,0,0.1,,,,,,,,,,,,,,,,,,,,,,,,,,,,,,,,,,,,,,,,,,,,,,
CARS,3.84,6.8,1.5,1.5,0.75,0.75,1,2,0,1.5,3,2,2,2,2,2,1.5,3,2.5,2.5,10,5,5,5,5,10,7.5,7.5,7.5,,,,,,,,,,,,,,,,,,,,,,,,,,,,,,,
CTHR,14,12,8.45,4.55,4.35,4.6,5.5,5.5,5.2,3.8,3.4,8.3,2.3,2.05,1.5,0.7,0.15,8,10,10,10,,,,,,,,,,,,,,,,,,,,,,,,,,,,,,,,,,,,,,,
CSEC,,0,0,0,0,0,0,0,0,0,3,1,0,0,0,0,0,0,,,,,,,,,,,,,,,,,,,,,,,,,,,,,,,,,,,,,,,,,,
GREG,,1.7,0,3,0,0,0,1.25,0,0,0,0,0,0,0,0,0,,,,,,,,,,,,,,,,,,,,,,,,,,,,,,,,,,,,,,,,,,,
EXPO,,3.48,8.19,1.17,0.5,0,0.15,0.15,0.15,0.12,0,0.33,0.12,0.12,,,,,,,,,,,,,,,,,,,,,,,,,,,,,,,,,,,,,,,,,,,,,,
JFIN,,0,0,0,0,0,0,0,0,0,3,3,2.5,5,3.5,4.5,4.5,3.5,3,10.3,3,2,0.5,0.5,0.75,1,1,,,,,,,,,,,,,,,,,,,,,,,,,,,,,,,,,
FLCH,,0,0,0,0,0,0,0.4,0.05,0,0,0.05,0.15,0.05,,,,,,,,,,,,,,,,,,,,,,,,,,,,,,,,,,,,,,,,,,,,,,
HAYL,6,5.35,5.35,4,4,0,5,5,7.5,6.5,6,5,4.5,4,4,4,3,3,3.5,3.5,3.5,3.5,3.5,3.5,35,3,3,,,,,,,,,,,,,,,,,,,,,,,,,,,,,,,,,
HHL,1.7,3.4,2.35,4.85,1.85,0,3.48,1.85,1.85,1.4,1.1,1,0.75,0.5,0.7,1.8,1.25,1.25,2.5,,,,,,,,,,,,,,,,,,,,,,,,,,,,,,,,,,,,,,,,,
JKH,0.15,1.5,2,1.5,2,2.5,6.45,6,6,7,3.5,3.5,3.5,3.5,3,3,3,5,3,3,3,2.5,2,2,3,3,4,4,3,2.8,3.5,2.5,2.5,3,,,,,,,,,,,,,,,,,,,,,,,,,,
MELS,5.6,8.27,6.76,5.4,5.25,2,0,2.44,1,0,0,0,0,,,,,,,,,,,,,,,,,,,,,,,,,,,,,,,,,,,,,,,,,,,,,,,
RICH,1.3,0.5,0.7,0.6,1,0,0.6,0.6,1.1,0.5,0.25,0.45,0.2,0.7,0.3,1,0,0,0.5,1.5,3.5,3,2,2.5,3,,,,,,,,,,,,,,,,,,,,,,,,,,,,,,,,,,,
SHL,,0,0,0,0,0,0.5,0.5,0.65,0.5,0,0.155,0.3,0.13,,,,,,,,,,,,,,,,,,,,,,,,,,,,,,,,,,,,,,,,,,,,,,
SUN,2.1,3,1.15,1,1,0.75,1.25,1.5,1.75,1.05,0.95,0.95,0.5,0.3,0.3,0.3,2.5,2.5,1.5,1.5,2.5,2.5,1.8,,,,,,,,,,,,,,,,,,,,,,,,,,,,,,,,,,,,,
CFLB,,0,0.25,0,0,0,0,0.15,0.15,0.3,0.3,0.3,0.3,0.3,0.2,0.5,0.5,0,,,,,,,,,,,,,,,,,,,,,,,,,,,,,,,,,,,,,,,,,,
VONE,3,1,0,1.5,3.5,0,0,0.5,0.5,0.5,0.4,0.7,0,0.3,0,,,,,,,,,,,,,,,,,,,,,,,,,,,,,,,,,,,,,,,,,,,,,
,,,,,,,,,,,,,,,,,,,,,,,,,,,,,,,,,,,,,,,,,,,,,,,,,,,,,,,,,,,,
CLPL,,0,0,0,0,0,0,7.4,0,0,0,1,1,0,0,0,0,0,0,0,0,0.65,0,0,0,0,,,,,,,,,,,,,,,,,,,,,,,,,,,,,,,,,,
MGT,1.85,2.5,1.6,2.1,1.05,0.6,0,0,0,0,0,0,0,0,0,2.5,2,6.4,4.6,4,4.5,5,3.5,2.5,,,,,,,,,,,,,,,,,,,,,,,,,,,,,,,,,,,,
KURU,,0,0,0,0,0,0,0,0,0,0,0,0,0,1,1,1,2,1,0,0,,,,,,,,,,,,,,,,,,,,,,,,,,,,,,,,,,,,,,,
ODEL,,0,0,0,0,0,0,0.26,0.4,0.41,0.12,0.24,0.35,0.5,0.5,,,,,,,,,,,,,,,,,,,,,,,,,,,,,,,,,,,,,,,,,,,,,
,,,,,,,,,,,,,,,,,,,,,,,,,,,,,,,,,,,,,,,,,,,,,,,,,,,,,,,,,,,,
ASHA,,0,0,0,0,0,0,0,0,0,0,0,0,0,0,0,0,0,0.03,4,2,,,,,,,,,,,,,,,,,,,,,,,,,,,,,,,,,,,,,,,
ASIR,0.3,0,0,2.5,1.6,0,0.8,0.6,0.5,0.45,0.5,0.55,0.5,0.255,0.1,0.75,1.5,1,1.5,1.17,,,,,,,,,,,,,,,,,,,,,,,,,,,,,,,,,,,,,,,,
AMSL,1.5,0,0,2.1,0.85,0,0.5,0.85,0.35,0.4,0.4,1.56,1,0.255,0.1,0.07,0.15,0.125,0.25,0.175,,,,,,,,,,,,,,,,,,,,,,,,,,,,,,,,,,,,,,,,
CHL,,2,2.3,5,3.2,2.2,4.46,2.74,3.6,3.6,2.7,2,2,2,1.5,1.5,1.5,1.5,1.5,1.5,1.5,,,,,,,,,,,,,,,,,,,,,,,,,,,,,,,,,,,,,,,
NHL,,0,0,0,0,0,0.05,0.1,0.08,0.07,0.06,0.05,0.05,0,0.05,0.05,0,0.07,0,0.05,,,,,,,,,,,,,,,,,,,,,,,,,,,,,,,,,,,,,,,,
LHCL,,0,1.5,3.5,2,0.75,0.75,2,1,2,2,1,1.5,0.5,0.5,0,0,0,,,,,,,,,,,,,,,,,,,,,,,,,,,,,,,,,,,,,,,,,,
,,,,,,,,,,,,,,,,,,,,,,,,,,,,,,,,,,,,,,,,,,,,,,,,,,,,,,,,,,,,
AHUN,,0,0,0,0,0,1,1.25,0.75,1.25,1.5,1.5,1,0.7,0.5,1.5,0.5,1,0.75,0.5,0.5,2.5,0,0.75,1.2,1,,,,,,,,,,,,,,,,,,,,,,,,,,,,,,,,,,
CONN,,0,0,0,0,0,5.5,0,2,4,4.5,4.5,4,4,6,0,0,0,,,,,,,,,,,,,,,,,,,,,,,,,,,,,,,,,,,,,,,,,,
AHPL,0.5,0,0,0,0,1,1.5,1.5,4,4.5,4,4,4,4,1,2,3,2,2,,,,,,,,,,,,,,,,,,,,,,,,,,,,,,,,,,,,,,,,,
BRR,,0.3,0.2,0,0,0.05,0.3,0.1,0.1,0.1,0,0,,,,,,,,,,,,,,,,,,,,,,,,,,,,,,,,,,,,,,,,,,,,,,,,
BERU,,0,0,0,0,0,0,0.05,0,0,0,0,0,0,,,,,,,,,,,,,,,,,,,,,,,,,,,,,,,,,,,,,,,,,,,,,,
BINN,,0,0,0,0,0,0,0,0,0,0,0,0,0,0,0,0,0,0,0,0,0,0,0,0,0,2,,,,,,,,,,,,,,,,,,,,,,,,,,,,,,,,,
BBH,,0,0,0,0,0,0,0,0,0,0,0,0,0,0,0,0,0,,,,,,,,,,,,,,,,,,,,,,,,,,,,,,,,,,,,,,,,,,
CHOT,,0,0,0,0,0,0,0,0,1,0,0,0,0,0,0,0,0,,,,,,,,,,,,,,,,,,,,,,,,,,,,,,,,,,,,,,,,,,
REEF,,0,0,0,0,0,0,0,0,0,0,0,0,0,0,0,0,0,,,,,,,,,,,,,,,,,,,,,,,,,,,,,,,,,,,,,,,,,,
PALM,,0,0,0,0,0,0,0,0,0,0,0,0,0,0,0,1,0.87,,,,,,,,,,,,,,,,,,,,,,,,,,,,,,,,,,,,,,,,,,
STAF,,0,0,0,0,0,0,1,0,1,1.5,1,0,1.5,0,0.5,0,0.5,0,0,0,0.5,0.4,0,0.5,0.5,,,,,,,,,,,,,,,,,,,,,,,,,,,,,,,,,,
EDEN,,0,0,0,0,0,0,0,0,0,0,0.32,0.2,0,0.2,0,0,,,,,,,,,,,,,,,,,,,,,,,,,,,,,,,,,,,,,,,,,,,
GHLL,,0,0,0,0,0,0,0,0,0,0,0,0,0,0,0,0,,,,,,,,,,,,,,,,,,,,,,,,,,,,,,,,,,,,,,,,,,,
CITH,,0,0,0,0,0,0,0,0.09,0.1,0.12,0.12,0.05,,,,,,,,,,,,,,,,,,,,,,,,,,,,,,,,,,,,,,,,,,,,,,,
HDEV,,0,0,0,0,0,0,0,0,0,0,0,0,0,0,0,0,,,,,,,,,,,,,,,,,,,,,,,,,,,,,,,,,,,,,,,,,,,
SERV,,0,0,0,0,0,0,0,0.5,0.8,0,0,0,0,0,0,0,0,0,0,3,,,,,,,,,,,,,,,,,,,,,,,,,,,,,,,,,,,,,,,
HSIG,,0,0,0,0,0,0,10,2,10,5,0,5,5,1.5,0,0,0,0,0.5,1,2.5,3,0,1,2,,,,,,,,,,,,,,,,,,,,,,,,,,,,,,,,,,
HUNA,,0,0,0,0,0,0,0,0,0,0,1,1,0.5,0,0,0,0,0,0,0,0.4,0.3,0,,,,,,,,,,,,,,,,,,,,,,,,,,,,,,,,,,,,
KHL,0.1,0,0,0,0,0,0.15,0.4,0.4,0.4,0.25,0,0,0.3,0,0,0,0,0,0,1.5,,,,,,,,,,,,,,,,,,,,,,,,,,,,,,,,,,,,,,,
CITK,,0,0,0,0,0,0,0,0,0,0,0,0,0,,,,,,,,,,,,,,,,,,,,,,,,,,,,,,,,,,,,,,,,,,,,,,
LHL,3,3,0,0,0,0,0,2.5,2,2.5,2,2,2,2,1,0,0.5,0.7,0.8,1.3,1.8,2,,,,,,,,,,,,,,,,,,,,,,,,,,,,,,,,,,,,,,
MRH,,0,0,0,0,0,0,0,0,0,0,0,0,0,0,0,0,0,0,0,0,,,,,,,,,,,,,,,,,,,,,,,,,,,,,,,,,,,,,,,
MARA,,0,0,0,0,0,0,0,0,0,0,0,0,0,0,0,0,0,0,0,,,,,,,,,,,,,,,,,,,,,,,,,,,,,,,,,,,,,,,,
MIRA,,0,0,0,0,0,0,0,0,0,0,0,0,0,0,0,0,0,0,0,0,0,,,,,,,,,,,,,,,,,,,,,,,,,,,,,,,,,,,,,,
PEG,,0,0,0,0,0,0.55,0.55,0.5,0.5,0.5,0.5,0.5,0.5,0.3,0,0,0,0,0,0,0,0,0,,,,,,,,,,,,,,,,,,,,,,,,,,,,,,,,,,,,
RFL,0.5,0,0,0,0,0,1,0.5,0.5,0.5,0.5,0,0.5,0,,,,,,,,,,,,,,,,,,,,,,,,,,,,,,,,,,,,,,,,,,,,,,
RENU,,2,2,1,0,0,4,6,6,6,6,4,4,6,5.5,5.5,5,5,5,5,,,,,,,,,,,,,,,,,,,,,,,,,,,,,,,,,,,,,,,,
RCH,,0.75,0.5,0.5,0,0,0,1,,,,,,,,,,,,,,,,,,,,,,,,,,,,,,,,,,,,,,,,,,,,,,,,,,,,
BHR,,0,0,0,0,0,0,0,0,0,0,0,0,0,0,0,0,0,0,0,0.5,3,1,0,0,2.5,0,10,2.5,1,3,2.6,2.6,0,0,0,,,,,,,,,,,,,,,,,,,,,,,,
RPBH,,0,0,0,0,0,1,1,0.8,0.8,0.5,0.8,0.8,0.8,0.6,0.4,0.2,,,,,,,,,,,,,,,,,,,,,,,,,,,,,,,,,,,,,,,,,,,
SHOT,,0,0,0,0,0,0,0,0,1,1,0,0,0,0,0,0,0,0,0,1,0.75,0.5,0,0.75,0.75,,,,,,,,,,,,,,,,,,,,,,,,,,,,,,,,,,
SIGV,,0,0,0,0,0,0,4,4,4,2,2,2,2,1,0,0,0,0,1,1,,,,,,,,,,,,,,,,,,,,,,,,,,,,,,,,,,,,,,,
TAJ,,0,0,0,0,0,0,0,0,0,0,0,0,0,0,0,0,,,,,,,,,,,,,,,,,,,,,,,,,,,,,,,,,,,,,,,,,,,
TANG,,0,0,0,0,0,1,0.6,0.5,0.5,0.5,0.5,0.5,0.5,0,0,0,0,0,0,0,0.6,0.5,0,0,1,,,,,,,,,,,,,,,,,,,,,,,,,,,,,,,,,,
RHTL,,0,0,0,0,0,1,1,0,1,0,0,0,0,0,0,0,0,0,,,,,,,,,,,,,,,,,,,,,,,,,,,,,,,,,,,,,,,,,
KHC,,0,0,0,0,0,0,0.1,0.1,0.25,0.2,0.2,0.02,0.015,0.16,0,0,0,0,0,0,0,0,0,0,0.8,,,,,,,,,,,,,,,,,,,,,,,,,,,,,,,,,,
NEH,,36.5,0,0,0,16,30,30,30,30,22.5,22.5,20,5,5,2.5,0,0,0,1,3,17.05,7.52,2.08,8.5,4,,,,,,,,,,,,,,,,,,,,,,,,,,,,,,,,,,
TRAN,0.5,0,0,0,0,0.5,0,3,3.5,1,3.5,3.5,3,2,2,1,1.5,0.75,2.4,5.35,3.5,,,,,,,,,,,,,,,,,,,,,,,,,,,,,,,,,,,,,,,
CITW,,0,0,0,0,0,0,0,0,0,0,0,0,,,,,,,,,,,,,,,,,,,,,,,,,,,,,,,,,,,,,,,,,,,,,,,
,,,,,,,,,,,,,,,,,,,,,,,,,,,,,,,,,,,,,,,,,,,,,,,,,,,,,,,,,,,,
ECL,,0,0,0,0,0,0,0,0.25,0,0,0.85,0.65,0,0,0,0,0,0,0,0,,,,,,,,,,,,,,,,,,,,,,,,,,,,,,,,,,,,,,,
PCH,,,,,0,0,0,0,0,0,0,0,0,0,0.25,0.2,,,,,,,,,,,,,,,,,,,,,,,,,,,,,,,,,,,,,,,,,,,,
,,,,,,,,,,,,,,,,,,,,,,,,,,,,,,,,,,,,,,,,,,,,,,,,,,,,,,,,,,,,
ASCO,,0,0,0,0,0,0,0,0,0,0,0,0,0,0,0,0,0,2,0,0,0,0,0,0,0,0,,,,,,,,,,,,,,,,,,,,,,,,,,,,,,,,,
GUAR,1.36,0,2.2,2,1.6,1.15,0.75,3,4,3,3,5,2.5,2,1.5,9,11.5,1.75,1.5,1.5,1.5,1.5,2,1,,,,,,,,,,,,,,,,,,,,,,,,,,,,,,,,,,,,
CINV,0.72,0,0.55,0.75,0.7,1,0.5,2,1.75,1.5,2.5,2.5,1.75,1.25,1,6.7,7,1.75,1.5,1.5,1.5,1.5,2,1,,,,,,,,,,,,,,,,,,,,,,,,,,,,,,,,,,,,
CIT,1.5,0,1.2,1.2,1.2,0,1.2,1.2,1.2,1.2,1.2,1,1,1.5,1.5,1.2,1,1,1,1,0.75,0.6,,,,,,,,,,,,,,,,,,,,,,,,,,,,,,,,,,,,,,
CFI,1.5,0,1.2,1.2,1.2,0,1.2,1.2,1.2,1.2,1.2,1,1,2,2,1.2,1,1,1,0.75,0.75,0.75,,,,,,,,,,,,,,,,,,,,,,,,,,,,,,,,,,,,,,
RHL,,0,0.4,0.4,0.1,0.25,0.25,0,0.35,0.35,0.35,0.7,0.7,0.7,0.7,0.83,2,0.8,0.8,,,,,,,,,,,,,,,,,,,,,,,,,,,,,,,,,,,,,,,,,
SHAW,,1.5,1,1,1,1,1,1,1,1.2,2.5,23,0,0,0,0,0,0,0,0,0,0,0,0,0.1,0.1,,,,,,,,,,,,,,,,,,,,,,,,,,,,,,,,,,
WAPO,,2.05,1.25,0,0,0,0.4,0,0.25,0.25,1.25,0,0,0,0,132,17.5,15,10,1.5,7.5,5,2.5,0,,,,,,,,,,,,,,,,,,,,,,,,,,,,,,,,,,,,
,,,,,,,,,,,,,,,,,,,,,,,,,,,,,,,,,,,,,,,,,,,,,,,,,,,,,,,,,,,,
CTLD,,,0,0,0,1.75,2.25,3.5,3.2,3,2.85,2.6,2,1.4,1.2,1,0.5,1.1,1.1,1,0.8,0.7,0.25,0.5,1.4,1.1,,,,,,,,,,,,,,,,,,,,,,,,,,,,,,,,,,
CABO,,1,1,1,0,0,0,1.6,1.6,1,1.5,2.5,1.5,2,4,2.25,1,1,1.5,0.5,0,0.5,0.5,0,0,0,0,,,,,,,,,,,,,,,,,,,,,,,,,,,,,,,,,
CHOU,,0,0,0,0,0,0,0,0,0,0,0,0,0,0,0,0,0.5,0.8,0.75,1.35,,,,,,,,,,,,,,,,,,,,,,,,,,,,,,,,,,,,,,,
CLND,,0,0,0,0,0,0,0,0,0,0,0,0,0,0,0,0.05,0,0.1,0,0.075,0.1,0,0,1,1,0,0,,,,,,,,,,,,,,,,,,,,,,,,,,,,,,,,
COMD,,7,7,7,6.5,5.5,6,5.5,5,5,5,5,4,4,4,3,3,2.5,3.5,,,,,,,,,,,,,,,,,,,,,,,,,,,,,,,,,,,,,,,,,
EAST,,0,0,0,0,8.5,0,0,0,0,0,0,0,0,0.5,1,0,0,0,0,8.5,0,,,,,,,,,,,,,,,,,,,,,,,,,,,,,,,,,,,,,,
EQIT,,,0,0,0,0,0,0,0,0.15,0.15,0.35,0.11,0,0,0,0,0.2,0.2,0.2,2,2,2,1.2,,,,,,,,,,,,,,,,,,,,,,,,,,,,,,,,,,,,
ETWO,4.1,1,0.5,0.65,0.65,0.85,1.5,2.25,1.4,0.2,0.2,0,0,0,0.2,0.1,0,0.04,0,0,0,0,0,0,,,,,,,,,,,,,,,,,,,,,,,,,,,,,,,,,,,,
HUEJ,,0,0,0,0,0,0,0,0,0,0,0,0,0,0,0,0,0,,,,,,,,,,,,,,,,,,,,,,,,,,,,,,,,,,,,,,,,,,
IDL,,0,0,0,0,0,0,0,0,0,0,0,0,0,0,0,0,,,,,,,,,,,,,,,,,,,,,,,,,,,,,,,,,,,,,,,,,,,
KDL,,0,0,0,0,0,0,0,1,0,0,0,0,0,0,0,0,0.5,0.63,,,,,,,,,,,,,,,,,,,,,,,,,,,,,,,,,,,,,,,,,
MHDL,,0,0,0,0,0,0,0.35,0.35,0.275,0.275,0.25,,,,,,,,,,,,,,,,,,,,,,,,,,,,,,,,,,,,,,,,,,,,,,,,
MDL,,0,0,0.25,,,,,,,,,,,,,,,,,,,,,,,,,,,,,,,,,,,,,,,,,,,,,,,,,,,,,,,,
ONAL,1.6,2,3.8,2.7,0,0.66,1.63,3.4,3.2,3.1,2.95,2.8,2.5,2.45,2.45,2.25,2.05,1.7,1.6,1.6,1.25,0.6,,,,,,,,,,,,,,,,,,,,,,,,,,,,,,,,,,,,,,
OSEA,,1.35,"1,25",1.25,1.25,0,1.25,1.25,1.25,1.25,1.5,1.5,1.45,0.3,0.3,0.3,0.3,0.4,0.5,,,,,,,,,,,,,,,,,,,,,,,,,,,,,,,,,,,,,,,,,
PLR,0.6,0.6,1,0.7,0.4,,,,,,,,,,,,,,,,,,,,,,,,,,,,,,,,,,,,,,,,,,,,,,,,,,,,,,,
PDL,,0,0,0,0,3.5,5,3.75,3.5,15,3,3,3,2.75,2.5,2.2,2,2,2,2,1.8,1.7,,,,,,,,,,,,,,,,,,,,,,,,,,,,,,,,,,,,,,
RIL,0.55,0.2,0,0.2,0.25,0,0.15,0.1,0.1,0,0,0,0,0,,,,,,,,,,,,,,,,,,,,,,,,,,,,,,,,,,,,,,,,,,,,,,
SLND,,25,25,25,202.78,25,25,10,25,25,25,25,25,20,15,15,14,10,10,,,,,,,,,,,,,,,,,,,,,,,,,,,,,,,,,,,,,,,,,
CSD,,1.1,1,1.2,1.4,1.2,1.1,1,0.9,0.75,0.6,0.5,0.3,0.25,0.1,0,0,0,0.5,0.4,0.4,0,0,,,,,,,,,,,,,,,,,,,,,,,,,,,,,,,,,,,,,
TWOD,,0,0,0,0,0,0,0,0,0,0,0,0,0,0.1,0,0,0,0.5,1.5,1.73,,,,,,,,,,,,,,,,,,,,,,,,,,,,,,,,,,,,,,,
YORK,,0,0,0,0,0,0,0,0,0.3,0.2,0.4,0.4,0.4,0.3,0.3,0,0,,,,,,,,,,,,,,,,,,,,,,,,,,,,,,,,,,,,,,,,,,
,,,,,,,,,,,,,,,,,,,,,,,,,,,,,,,,,,,,,,,,,,,,,,,,,,,,,,,,,,,,
ABAN,,10,5,5,3,1.5,3,2,3,3,2.5,2.5,2,2,2,3.4,0,3,2.5,2.5,2,2.5,2,2,2,2.5,,,,,,,,,,,,,,,,,,,,,,,,,,,,,,,,,,
ACL,,1.25,1.25,2,1.5,1.5,1.5,1.5,1.5,2,1,1,1,0.7,0,0,0.5,3.5,5.5,,,,,,,,,,,,,,,,,,,,,,,,,,,,,,,,,,,,,,,,,
APLA,,20,15,15,10,6,6,6,6,6,4,2,1,1,2.5,0.75,0.75,0.75,0.75,,,,,,,,,,,,,,,,,,,,,,,,,,,,,,,,,,,,,,,,,
ACME,,0,0,0,0,0,0,0,0,0,0,0,0,0,0,0,0,0,0.85,1.25,1,0.35,,,,,,,,,,,,,,,,,,,,,,,,,,,,,,,,,,,,,,
AGST,,0,0,0,0.2,0,0.2,0.1,0,0.2,0.2,0.1,0.1,0.05,,,,,,,,,,,,,,,,,,,,,,,,,,,,,,,,,,,,,,,,,,,,,,
AFS,,0.27,,,,,,,,,,,,,,,,,,,,,,,,,,,,,,,,,,,,,,,,,,,,,,,,,,,,,,,,,,
ALUM,0.4,0,0,0.75,0.75,0,0.15,1,1.5,1.2,1,0.25,,,,,,,,,,,,,,,,,,,,,,,,,,,,,,,,,,,,,,,,,,,,,,,,
ALUF,,0,0,0,0,0,0,0,0,0,0,0,0,0,0,0,0,0,0,0,0,0,,,,,,,,,,,,,,,,,,,,,,,,,,,,,,,,,,,,,,
BLUE,,0,0,0,0,0,0,0,0,0,0,0,0,0,0,0,0,,,,,,,,,,,,,,,,,,,,,,,,,,,,,,,,,,,,,,,,,,,
BOGA,,0,0,0,0,0,0,0,0,0,0.06,0,0,0,0.25,0,0,0,,,,,,,,,,,,,,,,,,,,,,,,,,,,,,,,,,,,,,,,,,
BPPL,0.35,"0,18",0,0.42,0.24,0.42,0.42,0.42,0,0,0,,,,,,,,,,,,,,,,,,,,,,,,,,,,,,,,,,,,,,,,,,,,,,,,,
CIND,6,6,6,5,8,4,2.5,2,2.75,5.5,4.5,3,3,3,2.5,7,5.25,4.5,4.5,3.75,3.5,,,,,,,,,,,,,,,,,,,,,,,,,,,,,,,,,,,,,,,
GRAN,,23,18,0,6,18,4.5,3,2,2.5,1.1,0,0,0.14,1,0,0,0,0,0,0,0,,,,,,,,,,,,,,,,,,,,,,,,,,,,,,,,,,,,,,
LLUB,4,15,14,5,13,9,8.25,8,12.25,29,23,20,15,11,9,12.25,12,10.5,12.5,9.5,9.75,34,11.5,12.3,7.6,7.6,7.6,,,,,,,,,,,,,,,,,,,,,,,,,,,,,,,,,
CWL,,0,0,0.2,,,,,,,,,,,,,,,,,,,,,,,,,,,,,,,,,,,,,,,,,,,,,,,,,,,,,,,,
DPL,,0,0,0,0,0,0,0,0.4,0.25,0,0,0.4,0,0,0,0,0,0,0,0,,,,,,,,,,,,,,,,,,,,,,,,,,,,,,,,,,,,,,,
DIPD,1.9,1.75,3.35,2.05,14.6,4,4.5,3,2.5,2,7,5.5,7,6,3,3.75,3,3,4.5,3,4,4,3.5,3.5,4,3,3.5,4,3.5,3.5,3.5,3,2.6,2.6,3.3,,,,,,,,,,,,,,,,,,,,,,,,,
PACK,0.62,0.67,2.07,0.8,,,,,,,,,,,,,,,,,,,,,,,,,,,,,,,,,,,,,,,,,,,,,,,,,,,,,,,,
HEXP,,0,3.5,2.55,3,8.5,6,2.75,3.5,0.5,0.3,0.3,0,0,0,0,0,,,,,,,,,,,,,,,,,,,,,,,,,,,,,,,,,,,,,,,,,,,
JAT,0.6,0.5,0.94,0.95,,,,,,,,,,,,,,,,,,,,,,,,,,,,,,,,,,,,,,,,,,,,,,,,,,,,,,,,
KCAB,,10,6.5,6.5,4.5,4.5,3.5,3.5,3.5,4.5,3,1.5,1.5,2.5,0.5,2.75,2,2.25,6.5,3,3,3,2.5,2.5,2.5,2.5,2.5,,,,,,,,,,,,,,,,,,,,,,,,,,,,,,,,,
TYRE,6,5,5,5,5,2.5,5,2.5,2.5,1.5,1.85,1.65,1.45,1.4,2.5,0,0.58,,,,,,,,,,,,,,,,,,,,,,,,,,,,,,,,,,,,,,,,,,,
LALU,,1,0,0,0,1,1.5,3.5,3,2,1,1.5,0,0.5,0.5,1.25,0.75,1.25,1.25,0.6,1.25,1.25,,,,,,,,,,,,,,,,,,,,,,,,,,,,,,,,,,,,,,
LCEM,0,0,0,0,0,0,0,0,0,0,0,0,0,0,0,0,0,0,0,0,0,0,,,,,,,,,,,,,,,,,,,,,,,,,,,,,,,,,,,,,,
CERA,8.9,3.7,0,2.6,2.2,0,0,0,8,7.5,3.5,2.75,0,1.1,2.5,6.6,1.25,1,,,,,,,,,,,,,,,,,,,,,,,,,,,,,,,,,,,,,,,,,,
TILE,2.1,5.7,7.6,6.7,18.35,0,3.15,10,7.5,7,4.5,4,4.1,7,3.5,3.75,2.6,4.12,3.75,3.7,3.5,,,,,,,,,,,,,,,,,,,,,,,,,,,,,,,,,,,,,,,
LWL,1.7,4.7,7.2,7.7,16.7,0,3,9.5,7.5,7.5,4,2.5,3,4,2.5,2,1.73,4.2,3.75,3.65,1.5,,,,,,,,,,,,,,,,,,,,,,,,,,,,,,,,,,,,,,,
OGL,,0,0,0,0,0,0,0,0,0,0,0,0,0.5,0,,,,,,,,,,,,,,,,,,,,,,,,,,,,,,,,,,,,,,,,,,,,,
GLAS,3.06,1.55,1.66,0.5,0.58,0.2,0.18,0.18,0.26,0.35,0.23,0.38,0.38,0.36,0.3,0,0.02,0.15,0.03,0.15,0.18,3.6,3,3,,,,,,,,,,,,,,,,,,,,,,,,,,,,,,,,,,,,
CARE,,2,5.5,8,2,0,0,0,1,1.25,1,0.9,0.9,0.75,3.5,1,2,1,1,2.5,2.5,1.5,1,,,,,,,,,,,,,,,,,,,,,,,,,,,,,,,,,,,,,
REG,,0,0,0,2.6,6.25,7.3,0,10.5,18.5,9,7,2,2.5,6,6,3,2.5,3,0,1.79,1.5,3.32,4.5,4.5,3.5,3,,,,,,,,,,,,,,,,,,,,,,,,,,,,,,,,,
REXP,12,12,35,28,25,24.75,18,16,16,12.5,10.4,5.15,0,0,0,1,0,0,0,0,0,0,1.5,1.5,1.5,1.5,,,,,,,,,,,,,,,,,,,,,,,,,,,,,,,,,,
RCL,1.6,2.9,2.9,3.75,15.2,0,4,7,9,8,5,1,2,4,2.5,1.25,2,1,2,2,2,1,1,2,5,2.5,,,,,,,,,,,,,,,,,,,,,,,,,,,,,,,,,,
SIL,,0,2,2,2,1,2,1.25,2,2,2,2,2,2,0,0,0,0,2,0,2,,,,,,,,,,,,,,,,,,,,,,,,,,,,,,,,,,,,,,,
SIRA,,0,0,0,0,0.2,0,0,0.25,0.2,0.2,0,0,0,0.1,0.2,0.06,0,,,,,,,,,,,,,,,,,,,,,,,,,,,,,,,,,,,,,,,,,,
SINI,,0,0,0,0,0.92,1.57,0,13.3,6.5,0,0,0.5,1.5,15.5,2,0,2,2,2.5,2.5,0,1.5,0,0,3.5,3.5,,,,,,,,,,,,,,,,,,,,,,,,,,,,,,,,,
SWAD,,1.5,1.5,1,1,1,1,1,1,1,1,1,1,1,1,1,0,,,,,,,,,,,,,,,,,,,,,,,,,,,,,,,,,,,,,,,,,,,
PARQ,1.5,0.8,1.3,2.7,7.8,0,2,3.5,1.5,1.5,0.5,0,0,0,0,0,0,0,,,,,,,,,,,,,,,,,,,,,,,,,,,,,,,,,,,,,,,,,,
TJL,0.75,0.75,0.75,2.35,2.8,1.3,1.95,1.6,2.25,1.6,1.3,1.3,1.24,0.48,,,,,,,,,,,,,,,,,,,,,,,,,,,,,,,,,,,,,,,,,,,,,,
TKYO,,2,1.5,0,2.1,1.5,0.3,1.25,1.87,1.35,1.19,1.5,1,1.3,1,1.65,3,4,5,4.5,4.5,,,,,,,,,,,,,,,,,,,,,,,,,,,,,,,,,,,,,,,
TKYO,,0,0,0,2.1,1.5,0.3,1.25,1.87,1.35,1.19,1.5,1,1.3,1,1.65,0.3,0.4,0.5,0.45,0.45,,,,,,,,,,,,,,,,,,,,,,,,,,,,,,,,,,,,,,,
,,,,,,,,,,,,,,,,,,,,,,,,,,,,,,,,,,,,,,,,,,,,,,,,,,,,,,,,,,,,
COLO,,5,5,5,5,0,2,2,6,6,6,3,3,4,1.5,1,0.5,0.5,0.5,0.5,,,,,,,,,,,,,,,,,,,,,,,,,,,,,,,,,,,,,,,,
DIMO,,5,10,12.5,12.5,2.5,2.5,20,24,27,20,10,10,40,61,7,3,4,6,6,5,3.5,3,3,4,3,3,2,0,3,3,3,2,2,,,,,,,,,,,,,,,,,,,,,,,,,,
ASHO,20,15,5,10,2,5,10,35,30,25,40,5,10,60,30,15,7.5,10,10,10,10,0,0,0,0,,,,,,,,,,,,,,,,,,,,,,,,,,,,,,,,,,,
SMOT,5,0,0,0,0,0,0,40,20,20,7,5,5,5,5,2,6,16,10,19,9,4,,,,,,,,,,,,,,,,,,,,,,,,,,,,,,,,,,,,,,
AUTO,,0,0,0,0.6,0.3,0,0.5,0.5,0.6,7,6,3,4,4,3,4,2,1.5,1.5,1.5,1.25,1.25,0,1,1,,,,,,,,,,,,,,,,,,,,,,,,,,,,,,,,,,
UML,2,1.5,2.25,2,2.5,0,4,5,5,8,6,12,10,9,3.25,1.8,1,4,4,2,2.5,1.5,1.75,2.5,4,3.5,4,,,,,,,,,,,,,,,,,,,,,,,,,,,,,,,,,
,,,,,,,,,,,,,,,,,,,,,,,,,,,,,,,,,,,,,,,,,,,,,,,,,,,,,,,,,,,,
BUKI,10.68,1.8,1.1,1,0.6,0.5,0.75,1.35,1,3,3,3,3,2.5,9,7.5,0,5,5.5,10.5,40,0,0,0,,,,,,,,,,,,,,,,,,,,,,,,,,,,,,,,,,,,
GOOD,,0,0,10.77,0,0,0,0,94.49,8.21,3.72,24.51,38.73,63.7,14.05,12,4.71,4.28,1,1,1,1,0,0,,,,,,,,,,,,,,,,,,,,,,,,,,,,,,,,,,,,
INDO,,0,0,7.58,0,0,0,0,50.93,5.03,2.6,22.43,40.08,17.25,10.6,9.5,1,2.84,0.55,0,0,1,0,0,,,,,,,,,,,,,,,,,,,,,,,,,,,,,,,,,,,,
SELI,,0,0,9.5,0,0,0,0,73.36,8.72,5.9,37.98,57.11,60.3,20.6,12.5,3.72,5.06,2.15,1,1,1,0,0,,,,,,,,,,,,,,,,,,,,,,,,,,,,,,,,,,,,
SHAL,,0,0,8.9,0,0,0,0,42.24,7.25,3.56,30.97,40.83,24.5,14,10,39,28.4,2.45,13.1,1,62,0,0,,,,,,,,,,,,,,,,,,,,,,,,,,,,,,,,,,,,
,,,,,,,,,,,,,,,,,,,,,,,,,,,,,,,,,,,,,,,,,,,,,,,,,,,,,,,,,,,,
AGAL,,3.5,0,0,0,0,0,0,0,0,0,0,0,2,2.5,2.5,0,2,2,,,,,,,,,,,,,,,,,,,,,,,,,,,,,,,,,,,,,,,,,
AGPL,1.5,,,,,,,,,,,,,,,,,,,,,,,,,,,,,,,,,,,,,,,,,,,,,,,,,,,,,,,,,,,
ASPM,,0,0,11,8,5,2,3,3,2,3,2,,,,,,,,,,,,,,,,,,,,,,,,,,,,,,,,,,,,,,,,,,,,,,,,
BALA,,1,0,2,0,0,0,0,0,0,0,0,1,1,0,2,1.25,0.75,2,0,0,1.5,0,0,1.25,2.5,1.75,1,3,,,,,,,,,,,,,,,,,,,,,,,,,,,,,,,
BOPL,,0,1.5,0,0,0,0,0,0,0,0,0,0.1,0,0,0.5,0,0.3,0,0.5,0.5,0.5,1,1,1.5,0.5,,,,,,,,,,,,,,,,,,,,,,,,,,,,,,,,,,
ELPL,5.5,5,19,3,2,0.75,1.2,1.25,1,0.5,0.75,0.75,0.5,0,0.36,0.5,,,,,,,,,,,,,,,,,,,,,,,,,,,,,,,,,,,,,,,,,,,,
HAPU,,0,0,0,0,0,0,0,0,0,0,0,0,0,0,2,1,2,2,,,,,,,,,,,,,,,,,,,,,,,,,,,,,,,,,,,,,,,,,
HPL,1,3,1.5,0.5,0.5,0,0,0.75,,,,,,,,,,,,,,,,,,,,,,,,,,,,,,,,,,,,,,,,,,,,,,,,,,,,
HOPL,2.45,1.65,1,0,0,0,0.5,0,0,0,0.5,1,2,1,4,1,0.5,1.5,1.5,1,0.5,,,,,,,,,,,,,,,,,,,,,,,,,,,,,,,,,,,,,,,
KAHA,,0,0,0,0,0,0,0,0,0,0,0,0,0.5,0,0,0,0,,,,,,,,,,,,,,,,,,,,,,,,,,,,,,,,,,,,,,,,,,
KGAL,3.5,3.5,7,5,4,0,5,7.5,5,45,2,13.5,0,7.5,3,3,1,5,3,2.5,1.5,1.5,0,0,0.5,0.75,,,,,,,,,,,,,,,,,,,,,,,,,,,,,,,,,,
KVAL,2.6,3.75,10,4.45,3.5,0,0,1,0,0,0,1,3.5,6,5,4,1,3.5,5.5,3.5,2,2.5,1.5,1,0.8,1,0.5,,,,,,,,,,,,,,,,,,,,,,,,,,,,,,,,,
KOTA,,0,0,0,0,0,0,0,0,0,0,0,2.5,2,10,3,1,3,3,1,0.75,,,,,,,,,,,,,,,,,,,,,,,,,,,,,,,,,,,,,,,
MADU,,0,0,0,0,0,0,0,0,0,0,0,0,0,0,0,0,0,0,0,0,0,0,,,,,,,,,,,,,,,,,,,,,,,,,,,,,,,,,,,,,
MAL,0,0.2,0,0.16,0.12,0.1,0,0,0.15,0,0,0.025,0.1,0.075,0.05,0,1,1,0.75,,,,,,,,,,,,,,,,,,,,,,,,,,,,,,,,,,,,,,,,,
MASK,4.5,0,0,0,0,0,0,0,0,0,0,0,0,0,0,0,0,1,0.5,1.5,1,0,1.5,2.5,2.5,2.5,,,,,,,,,,,,,,,,,,,,,,,,,,,,,,,,,,
MPRH,,0,0,0,0,0,0,0,0,0.6,0,1.58,0,1.25,0,0,0,0,0.6,,,,,,,,,,,,,,,,,,,,,,,,,,,,,,,,,,,,,,,,,
NAMU,15,13,14,10,8.5,0,8.5,14,7.5,0,2,10.5,0,4.5,1.7,0,0,2,0,,,,,,,,,,,,,,,,,,,,,,,,,,,,,,,,,,,,,,,,,
TPL,7.15,9.5,31.35,5.65,8.25,0,6,6.5,2,0,3,0,3,2.5,0,2.5,0,1.25,2.5,2.5,1.5,1.5,0.75,0.75,1,1.5,,,,,,,,,,,,,,,,,,,,,,,,,,,,,,,,,,
UDPL,,0,0,0,0,0,0,0,0,0,0,0,0,0,0,0,0,0,,,,,,,,,,,,,,,,,,,,,,,,,,,,,,,,,,,,,,,,,,
WATA,10.7,15,10,14,6,3,2,1,1.5,0.75,1.45,0.5,0.75,0.35,0.85,2.75,0,2.5,1.5,1.25,1,0.75,0,0.5,1,0,,,,,,,,,,,,,,,,,,,,,,,,,,,,,,,,,,
,,,,,,,,,,,,,,,,,,,,,,,,,,,,,,,,,,,,,,,,,,,,,,,,,,,,,,,,,,,,
HPWR,1,1.25,3,0,2,0,10.5,2,0,0.7,0,0.75,1.4,2,1.3,0.99,1.08,1.12,0.67,,,,,,,,,,,,,,,,,,,,,,,,,,,,,,,,,,,,,,,,,
HPFL,0.7,1.4,0,1,1,0.8,0,0.35,0.8,0,0,0.1,0,0,0.5,0.59,0,5.5,0,,,,,,,,,,,,,,,,,,,,,,,,,,,,,,,,,,,,,,,,,
LIOC,5,5,4,2.25,0.85,0.75,0.75,0.65,1.25,1.25,1,2,1,0,0,0,0,0,0,0,0,0,0,,,,,,,,,,,,,,,,,,,,,,,,,,,,,,,,,,,,,
LGL,,0,0,0,0,0,0,0,0,1,2,2,1.5,1.5,1.5,,,,,,,,,,,,,,,,,,,,,,,,,,,,,,,,,,,,,,,,,,,,,
LVEF,,0,0,0,0.35,0.35,0.65,0.4,0,0.55,,,,,,,,,,,,,,,,,,,,,,,,,,,,,,,,,,,,,,,,,,,,,,,,,,
MEL,,0,0,0,0,0,0,0,0,0,0.1,0.1,0,0,0,,,,,,,,,,,,,,,,,,,,,,,,,,,,,,,,,,,,,,,,,,,,,
PAP,0.2,0.2,0,0.2,0.26,0.22,0.16,0.13,0.15,0.15,0.3,0,0.1,0.15,0.25,1,,,,,,,,,,,,,,,,,,,,,,,,,,,,,,,,,,,,,,,,,,,,
VPEL,0.75,1.75,0.5,1.05,1,0.7,0.7,0.7,0.8,1,1,0.6,0.25,0.25,0.2,0.25,0.41,0.57,0.27,,,,,,,,,,,,,,,,,,,,,,,,,,,,,,,,,,,,,,,,,
VLL,1.7,0.36,0.2,0.3,0.1,0.23,0.15,0.2,0.1,0.225,0.175,0.075,0.1,0.075,0.2,1.5,0.6,0.5,,1,,,,,,,,,,,,,,,,,,,,,,,,,,,,,,,,,,,,,,,,
WIND,1,1,0,1.3,,,,,,,,,,,,,,,,,,,,,,,,,,,,,,,,,,,,,,,,,,,,,,,,,,,,,,,,
,,,,,,,,,,,,,,,,,,,,,,,,,,,,,,,,,,,,,,,,,,,,,,,,,,,,,,,,,,,,
ASIY,0.45,0.45,0.7,0.23,0.13,0.05,0.3,0.25,0.2,0,0.3,0.38,0.38,0,,,,,,,,,,,,,,,,,,,,,,,,,,,,,,,,,,,,,,,,,,,,,,
CPRT,,0,0,0,0,0,0,0,0,0,0,11,0,0,10,0,10,0,2,,,,,,,,,,,,,,,,,,,,,,,,,,,,,,,,,,,,,,,,,
CTBL,,0.44,0.68,0.36,0.35,0.08,0.35,0.325,0.175,0.125,0.25,0.25,0.17,0.25,0.2,0.15,0.05,0.1,,,,,,,,,,,,,,,,,,,,,,,,,,,,,,,,,,,,,,,,,,
JKL,2.6,2.9,2.95,0,3.29,0,2,2.3,2,1,3.75,3.4,3.5,4,5,5,5,3.5,11.45,2.25,5,5,,,,,,,,,,,,,,,,,,,,,,,,,,,,,,,,,,,,,,
KZOO,,0.1,0.2,0.2,0.2,0.1,0.13,0.13,0,0,0,0,0,0,5,0,0,0,3,,,,,,,,,,,,,,,,,,,,,,,,,,,,,,,,,,,,,,,,,
LPRT,,6,5,2,1.75,2.25,2,1.5,1.25,1,1.2,1,0.75,1,0,0,0,0,0.5,0,0,0,0,0,1,1,,,,,,,,,,,,,,,,,,,,,,,,,,,,,,,,,,
MSL,,0,0,0,0,0,0,0,0,0,0,0,0,0,0,5.5,0,2.5,1.5,,,,,,,,,,,,,,,,,,,,,,,,,,,,,,,,,,,,,,,,,
PARA,,0,0,0,0,0,0,0,0,0,0,0.5,0,0,0,0,2.5,0,,,,,,,,,,,,,,,,,,,,,,,,,,,,,,,,,,,,,,,,,,
,,,,,,,,,,,,,,,,,,,,,,,,,,,,,,,,,,,,,,,,,,,,,,,,,,,,,,,,,,,,
EBCR,1.5,1.5,1,0.5,1,18,12,36,36,30,20,12.5,10,10,10,3,2.5,2,2,2,2,0,,,,,,,,,,,,,,,,,,,,,,,,,,,,,,,,,,,,,,
GEST,3.25,3,7,0,0,0,1.25,0,15,1,9,5,4,3,1.5,0,0,0,0,0,0,0,0,1,,,,,,,,,,,,,,,,,,,,,,,,,,,,,,,,,,,,
HUNT,,0,5,15.41,10,0,2.25,2.25,3.75,5,4,0,0,2.25,1.5,0.5,0.5,0.5,0.5,0.5,0.5,,,,,,,,,,,,,,,,,,,,,,,,,,,,,,,,,,,,,,,
PHAR,,0,0,0,50,0,30,15,0,10,5,0,0,0,0,4.25,3.75,3.75,2.5,2.5,2.25,,,,,,,,,,,,,,,,,,,,,,,,,,,,,,,,,,,,,,,
,,,,,,,,,,,,,,,,,,,,,,,,,,,,,,,,,,,,,,,,,,,,,,,,,,,,,,,,,,,,
DIAL,,1,1.34,0,1.24,0.74,0.53,0.37,0.46,0.39,0.32,0.13,0.29,0.33,0.25,0.2,0,0,0.55,0.55,0.38,0,,,,,,,,,,,,,,,,,,,,,,,,,,,,,,,,,,,,,,
SLTL,,0.25,0,0.25,2.02,1.49,1.06,1.06,0.89,0.89,0.89,0.89,0.85,0.85,0.85,0.6,0.25,1,1,1,0.75,0.5,,,,,,,,,,,,,,,,,,,,,,,,,,,,,,,,,,,,,,
,,,,,,,,,,,,,,,,,,,,,,,,,,,,,,,,,,,,,,,,,,,,,,,,,,,,,,,,,,,,
BRWN,,0,0,0,0,0,0,0,0.5,0.3,2.65,0,0.5,1.32,1.32,0,0,17.2,1.6,1.6,0.8,0,0,0,,,,,,,,,,,,,,,,,,,,,,,,,,,,,,,,,,,,
CWM,8,8,12,10,7,0,3.5,3.5,3.5,3.5,3,3,3,2,1,,1,0.75,0.75,1,0.5,0,0,0,0,,,,,,,,,,,,,,,,,,,,,,,,,,,,,,,,,,,
CFT,,0,0,0,0,0,0,0,0,0,0.05,0,0,0.05,0,0,0,0,,,,,,,,,,,,,,,,,,,,,,,,,,,,,,,,,,,,,,,,,,
EMER,0,0,0,0.15,0,0,0,0,0,0,0.06,0,0,0.08,3,3,2.85,6.5,3.5,1,1,,,,,,,,,,,,,,,,,,,,,,,,,,,,,,,,,,,,,,,
OFEQ,0,0,10,0,0,0,0,1.5,1,1.25,0,32.5,30,30,30,12.5,15,2,2.5,,,,,,,,,,,,,,,,,,,,,,,,,,,,,,,,,,,,,,,,,
RGEM,0,0,0,0,0,0,0,0,0,0,0,0,0,0,0,0,0,0,,,,,,,,,,,,,,,,,,,,,,,,,,,,,,,,,,,,,,,,,,
SINS,0.98,0,0,1.05,1.55,0.25,0.65,0,2.2,8.8,4.2,2.5,2.5,0,7.5,4.5,0,4,2,2.5,2.5,2.5,3.5,4.5,3.7,4,4,6.75,3.75,3.5,3.5,3.3,,,,,,,,,,,,,,,,,,,,,,,,,,,,
TESS,0,0,0,0,0,0,0,0,0,0,0,0,0,0,0.05,0,0,0,0,0,,,,,,,,,,,,,,,,,,,,,,,,,,,,,,,,,,,,,,,,
,,,,,,,,,,,,,,,,,,,,,,,,,,,,,,,,,,,,,,,,,,,,,,,,,,,,,,,,,,,,
PKME,2.3,,,,,,,,,,,,,,,,,,,,,,,,,,,,,,,,,,,,,,,,,,,,,,,,,,,,,,,,,,,
